cdr3,vgene,label
ARDRYGGYRDFDY,IGHV3-7,0
TTIPPGDYFDY,IGHV3-15,0
ARRANGDYGRWYYDL,IGHV3-13,1
VRGGLRRGAWFAY,IGHV10-3,0
ARTYYRYGAYYFDC,IGHV3-6,1
SRSGTSCTVVVTDFDF,IGHV3-2,0
AKEKYYYDSSGYCIYFDY,IGHV3-48,0
ARDGEWLRPMDY,IGHV3-48,1
ARERASGDLFPCY,IGHV3-66,0
ARHGDGYYLDY,IGHV1-62,1
ARNPRPHWYLDV,IGHV2-2,0
ARVGGSSSGFYYYYSMDV,IGHV4-4,0
ARSTIGYDYGY,IGHV1-55,0
TRHGDVAWFTY,IGHV1-31,1
VNGTQGYGYYFDY,IGHV3-7,0
ARGGYYDGWSAY,IGHV1-7,0
ARVRYGLDY,IGHV1-14,0
ARGGGFDY,IGHV1-2,1
ARSDDYDGPGFAY,IGHV1-64,0
ARWDEDDGYRFYAMDY,IGHV1-20,0
TRSPPSTRSFDA,IGHV3-2,0
VRDGAYQRNNGWFAY,IGHV1-4,1
ARPDDGYPAWFAY,IGHV3-8,0
AKDIWGIAGAGDYEGGFDY,IGHV3-43,0
ARVPPRKWEHYFDY,IGHV3-23,0
AKEQPGSDLGFDS,IGHV3-43,0
AKDKAFGSSAPYGMDV,IGHV3-43D,0
ARQVNRDWYFDV,IGHV5-12,0
ARDSSGYAMDY,IGHV1-18,1
ASGGYSYGFDY,IGHV4-59,1
ARAAVRGWYRGLGY,IGHV1-2,0
ARVEAGEHPYYFDY,IGHV3-21,0
ARDPTQWLRYGYFDY,IGHV3-74,1
TSWGDTTAEYFQH,IGHV3-7,1
ARVPLEYDIDY,IGHV3-6,0
ARSWSYSNPYFDY,IGHV1-81,0
ARGASGGVTTKVDY,IGHV3-66,1
ARGEESNAFAD,IGHV3-1,0
AKVAVPHEDDAFDI,IGHV3-66,0
ARGYNWAFDY,IGHV3-21,0
TRDSGAFSPFGF,IGHV4-4,1
ARDSGRGYNFDY,IGHV3-7,0
VKDIRNSDGRSDAVDI,IGHV3-30,0
ARDLVWFGEPKGYYNYMDV,IGHV3-23,1
ARSEAY,IGHV1-26,1
TRQLDY,IGHV3-7,1
ARDQNWIYANDF,IGHV3-7,0
ARGGDY,IGHV1-4,1
ARTNDGVTFGGVIVPSPYFDY,IGHV1-46,0
ERARYDGSRAFDY,IGHV3-2,0
AKALGVAAPYAFDI,IGHV3-23,0
ARAGLGASADI,IGHV3-33,1
ARWQYDSSGYRKIDC,IGHV4-59,1
ARWELGRAWFAD,IGHV14-3,1
AREKAGYSGSWYWRLDALDI,IGHV3-7,0
AVETTVVDYAMDY,IGHV1-72,0
ARGGHCSTTSCSNYDGMDV,IGHV3-53,1
TTSAGCDS,IGHV14-4,0
AREGHHYGFWSGYRNWFDP,IGHV4-4,0
ARWLPFYWYFDV,IGHV14-3,0
ARDVYGGNGWAFDI,IGHV7-4,0
AGYCSGGSCRDACDI,IGHV3-53,0
AKRGVVIRVILVGFPKEAYYFDS,IGHV3-23,1
AGENTGYYDFWSGYSNWFDP,IGHV4-59,0
ARESAGTTDY,IGHV1-3,0
AREGDGYYFDY,IGHV5-4,1
ARGAPTELRYFDWLLRARATLADLDY,IGHV1-18,0
ARSFSGGYFGCDY,IGHV3-30,0
ARAVRQLHFDC,IGHV3-48,0
ARLPYFSYTLDH,IGHV9-3,1
ARDGSGYAYFDY,IGHV4-4,0
ARTRGFGELLGEGFDP,IGHV4-59,1
ARDCSGGSCYSRLGY,IGHV6-1,0
ARENV,IGHV5-6,0
AREGGGSNEDDAFDI,IGHV3-30,1
ARDRSANSRVYYFDY,IGHV3-30,1
ARDVGGWYDY,IGHV4-59,1
AKGLASGIAAAGPDY,IGHV3-9,0
AKASWGGVTTTYFDY,IGHV3-23,1
ARGDSGYDFEY,IGHV3-30,1
ARSCRILDIVATIRARLGGNGFDI,IGHV4-4,1
VRDDKWAFDY,IGHV3-48,1
AKGGGYEAQCYYYYLDV,IGHV3-30,1
AREGVYYGNSFAD,IGHV1-7,0
ALTRRDGYKLFDY,IGHV4-34,1
ARGNWYFDV,IGHV1-82,1
VTYYADIVLGPFDI,IGHV3-23,1
ARDAF,IGHV4-59,1
AREYGSGMDYFDP,IGHV3-53,1
TRVRAHCSSTSCYVSSGYYYYYYMDV,IGHV3-49,0
ARGVDY,IGHV3-53,1
ARSSSCDYDVGFAY,IGHV3-2,1
ARGPPPDFDY,IGHV1-69,1
AREGGGTTVVN,IGHV1-64,0
AKGYGWEASYYYYYVDV,IGHV3-30,1
AKAPPKEHDFWSGYYNYMDV,IGHV4-34,1
ARQGPWRGYSGYDY,IGHV4-39,0
AKDLQGTFDY,IGHV3-7,0
ATPSVVAATLRDVY,IGHV3-23,0
ARDRITYTYCYYGMDV,IGHV3-21,1
