cdr,vgene,label
GDSISSRGYY|IYYSGST|ASTRIAAAGAPAYYFDN,IGHV4-31,1
GFTFSSYS|ISSSSSTI|ARESQKYDILTGWPHYYYYYGMDV,IGHV3-48,0
GFNIKDTY|IDPATGNT|ARETTYSMDY,IGHV14-3,0
GYTFTSYG|ISAYNGNT|SREFPFCGADCFSGVFDI,IGHV1-18,1
GGSIRSSAYH|IHCSGST|ARLWSTYCSGGSCPHQPNY,IGHV4-39,0
GYSFTTYT|IIPSSGYS|AREGTYDGCYGHFDY,IGHV1-4,1
GFTFSSYA|ISGSGGST|ARDMYYGSGTPMQYGMDV,IGHV3-23,1
GYTFTSFG|INTYNGNT|ARGQKSIGSYFNC,IGHV1-18,0
GGSFSGYY|INHSGST|ARGGYSYGRDY,IGHV4-34,1
GYAFTNYL|INPGSGGT|ARVTTMITYFDY,IGHV1-54,0
GFTFTDYY|IRNRANGYTT|ARYSPIFYRGSSSYWYFDV,IGHV7-3,0
GGSINSYY|IYYSGRT|ARGDGRLEIDY,IGHV4-59,0
GFTFSSYA|ISGSGGST|AQDRGSGPRTLDY,IGHV3-23,0
GYSFTDYN|INPNYGTT|AGYDRFPFDY,IGHV1-39,0
GFTFSTYW|ISPDGSGK|ARGIVEVVGASDHFDY,IGHV3-7,1
GFSLTNYG|IRSDGGE|ARQPYYHYYIMDY,IGHV2-6,0
GGSISSSSYY|IYYSGST|ARGRLGRQHASFFDS,IGHV4-39,1
GGSISSYY|IYYSGST|ARTAARRFDY,IGHV4-59,1
GLTISSYS|ISSSSSTI|VKFGIAVAGRGGGEYY,IGHV3-48,0
GFSLTTSGVG|IYWDDDK|AHRHLTTTTDYGMDV,IGHV2-5,0
GYSFTGYY|FNPNNGGT|ARDYGSVGWYFDV,IGHV1-26,1
GYTFTGYW|ILPGSGST|ARGGNYFDY,IGHV1-9,1
GFTFSSYA|ISGSGGST|ARGDFDY,IGHV3-23,1
GGSFSGYY|VYYSGST|ARHLGYQLRRGYYYLMDV,IGHV4-59,0
GYTFATYA|INAGNGDA|GKSAPSGFDP,IGHV1-3,1
GFTFSSYA|VRDSGSST|AKYGPQDSGSSHFDY,IGHV3-23,1
GFTSSNYP|ITGNGDNT|VKKYGSGSHYDY,IGHV3-64D,0
GGSISSSSYY|LYYSGST|ARETTVRSWS,IGHV4-39,0
GYTFTSYY|INPSGGST|ARDLLFGGQQQLDSPD,IGHV1-46,0
EYPFNNYG|ISGRGTLT|VKDAPSPRPGDY,IGHV3-23,0
GYSFTGYF|INPYNGDT|GRRAYYRYDGYAMDY,IGHV1-37,0
DSEVFPIAY|ILPSIGRT|ARSDYDDGWYFDV,IGHV15-2,1
GFTFSTYS|ISSSSSYI|AGINDYGDPTGAFDI,IGHV3-21,1
GFTFSSYS|ISSSSSYI|ARDAVVGPTSRSGIGYFDQ,IGHV3-21,1
GFTFSSYW|IKQDGSEK|ASTVHYPLPARYEGYYFDY,IGHV3-7,0
GFTFDDYA|LSWNSGII|ARYIILYWKAFDI,IGHV3-9,0
GFTFSSYG|IRSSDDSK|AKEEIRIDYSYDYPRAFDE,IGHV3-23,0
GFTFSSYY|INSNGGST|ARQRDRYDRFDY,IGHV5-6,0
RFTFSNYW|INQDGSER|ARGPYYYYYYMDV,IGHV3-7,0
GYTFSTYW|INPSTGYT|ARDRMDY,IGHV1-7,1
GGSISSSNYY|IHYSGST|ARSDCASSACNSFYATDV,IGHV4-39,0
GFMFSTYW|IKQDGSEK|ARESFAARWD,IGHV3-7,1
GYTFTNYG|INTYNGNT|ARNSHGYSSAWLQFNFDY,IGHV1-18,1
GYTFTDYE|IDPETGGT|TREGAMDY,IGHV1-15,1
GFSFSSYA|ISYDGNDK|ARGLPRQLVDY,IGHV3-30,0
GDSITNYY|IFYSGSA|ASSPLNSGYWSMGRPGWVFNY,IGHV4-59,0
GGSFSDYS|INHSGGT|ARVGYRFSINDWSRTGLGAYPTKYYYYMDV,IGHV4-34,1
GFTFSSYA|ISYDGSNK|ARDRIEVVVAATHGDAFYI,IGHV3-30,0
GFTFSSYS|ISSSSSYI|ARDYYGSGSPDY,IGHV3-21,1
GFTFSDYY|ISSSSLTI|ARGRGAGGERNWFHP,IGHV3-11,1
GFSFSTYA|ISVGSIYI|ARAYGYSGSPWDH,IGHV3-21,0
GYKFPDYW|IDPKSGDT|ARDEDISAAGKLFGDY,IGHV1-2,1
GFTFSSYS|ISSSSSTI|ARTIEMATISYFDY,IGHV3-48,1
GGSISSYY|IYYSGST|ARELPPDYYDSSGPGGEV,IGHV4-59,0
GGSISSGGYY|IYYSGGT|ARASSGVCD,IGHV4-31,0
GGSISSYF|IYDSGST|ARGRNWFDP,IGHV4-59,0
GFTFSRYA|ITSGGDST|AREYDLLTAYYTDLGY,IGHV3-23,1
GFTFSRYN|ISYSAAGT|AKDRMGGVTFFDY,IGHV3-23,0
GGSVSSGSYY|IYYSGST|ARGGVRVPMIQPYYYYGMDV,IGHV4-61,0
GFTFSSYA|ISGSGGST|AKTIGSGGDGGY,IGHV3-23,1
GFTFSSYS|ISSSSSYI|ARASIAARGRLY,IGHV3-21,0
GYTFSSYW|ILPGSGST|ARTYGNEGMDY,IGHV1-9,0
GGSISSYY|IYYSGST|ARGGYYGSGNGFRFDP,IGHV4-59,1
GFSLTSYG|IWGGGST|ANYYYGSGHLFAY,IGHV2-9,0
GYTFTGYY|INPNSGGT|ARAQTMVAATPGGY,IGHV1-2,1
GFTFSTYA|ISYDGSEK|ASELRDRNYDFEY,IGHV3-30,1
VGSVNSVTYS|VYASGHT|ARGGGDYTVYFHH,IGHV4-30,0
GFNIKDTY|IDPANGNT|ASPSYGYDQAWFAY,IGHV14-3,0
RFTFSTYW|INSDGSST|ASQGSSWPFDY,IGHV3-74,0
GGSISSSSYY|IYTSGST|AREFRVVVPRARGSFEAFDY,IGHV4-61,0
GYTFTSNH|INPYSGAA|ARDRSGHSGYDLDY,IGHV1-2,0
GGSISSYY|IYYSGST|ARRLDAFDI,IGHV4-59,1
DDSISAYY|IYPSGAT|AGDKGLWFGEFAHDAFVY,IGHV4-4,0
GYTFTSYW|IDPYDSET|ARAVYYGSSYDAMDY,IGHV1-52,0
GYTFTDYY|INPNNGGT|ARGIYYDYDGGLYFDY,IGHV1-26,0
GGSINTNTFF|VFYSGNT|VRQSRIFGVTRPGYMDV,IGHV4-39,1
GGSISSYY|IYTSGST|ARVPGGALNWFDP,IGHV4-4,1
GFTFSSYE|ISSSGSTI|VKGRRRGYAYGTLES,IGHV3-48,1
GYTFTSYG|ISAYNGNT|ARDPGVGAIYYYYYGMDV,IGHV1-18,0
GFPLTNYG|IWSDGST|ARQPFYHYNIIDY,IGHV2-6,0
GYTFTTAG|INTDSGVP|ARGGAAFYRSDGCAMDY,IGHV9-4,1
GFTFSDYG|IQYDGNNK|AKDERVSGLNAGTLLDY,IGHV3-30,1
GGSFSGYY|IYRSGST|ARERTTNWFDP,IGHV4-30,0
GFTFSNYW|IRLKSDNYAT|TGWAY,IGHV6-3,1
GFIFSSYS|ISNSGIYI|ARHMTPESTTPYYYGMDV,IGHV3-21,1
GFNVKDTY|IDPANGNT|ASYYYGSSGFAY,IGHV14-3,1
GYTFTIYG|ISAYNGNT|ARVFHDSSGYYPYYFDY,IGHV1-18,1
GFTFSSYS|ISSSSSYI|ARAGPHCSGWYCGYFDY,IGHV3-21,0
GFTFSIAY|IKPKTDGETT|ITPLPYSAQ,IGHV3-15,1
GFTLSSYE|ISSSGSTI|AKPADWGGYNRAFDY,IGHV3-48,0
GASITSGRYY|IHYSGTAT|AAGGDDAKAGY,IGHV4-39,0
GHSINSNNYY|IYSTGST|ARGSLAFASDY,IGHV4-39,1
GYSITSGYY|KVYDGTN|ARGGRWCTH,IGHV3-6,1
GFSFSGYW|IKSDGSST|ARAAHRGFSFDY,IGHV3-74,0
GYTFTSYW|INPSSGYT|ARSHWDYGSSSYAMDY,IGHV1-7,0
GFTFSDSA|IRTQANNDAT|AGDYNSLTGLNY,IGHV3-73,1
GGSISSYY|IYYSGST|ARLGPYLHLGFDP,IGHV4-59,0
GFTFSSYW|IKQDGSEK|ARDRRCSSTSCYYFDY,IGHV3-7,1
GGSISSSSYY|IYYSGST|ARGTYYFDY,IGHV4-39,1
GASISNYY|THSSGGS|ARLGSYHDF,IGHV4-4,1
